Aruba-->Aruba
Aruba2-->Aruba2
Asia-->Asya
Asia2-->Asia2
Atlantic Ocean-->Atlas Okyanusu
Australia Australian Capital Territory-->Avustralya Avustralya Başkent Bölgesi
Australia Jervis Bay Territory-->Avustralya Jervis Bay Bölgesi
Australia New South Wales LGAs-->Avustralya Yeni Güney Galler yerel hükümet alanları
Australia Norfolk Island-->Avustralya Norfolk Adası
Australia Northern Territory-->Avustralya Kuzey Toprakları
Australia Queensland-->Avustralya Queensland
Australia South Australia-->Avustralya Güney Avustralya
Australia Sydney-->Avustralya Sidney
Australia Tasmania-->Avustralya Tasmanya
Australia Victoria Alpine Shire-->Avustralya Victoria Alpine shire'ı
Australia Victoria Bass Coast Shire-->Avustralya Victoria Bass Coast shire'ı
Australia Victoria Borough of Queenscliffe-->Avustralya Victoria Queenscliffe ilçesi
Australia Victoria City of Ballarat-->Avustralya Victoria Ballarat şehri
Australia Victoria City of Bendigo-->Avustralya Victoria Bendigo şehri
Australia Victoria City of Greater Bendigo-->Avustralya Victoria Bendigo büyükşehri
Australia Victoria City of Greater Geelong-->Avustralya Victoria Geelong büyükşehri
Australia Victoria City of Greater Shepparton-->Avustralya Victoria Shepparton büyükşehri
Australia Victoria City of Latrobe-->Avustralya Victoria Latrobe şehri
Australia Victoria City of Warrnambool-->Avustralya Victoria Warrnambool şehri
Australia Victoria City of Wodonga-->Avustralya Victoria Wodonga şehri
Australia Victoria Colac Otway Shire-->Avustralya Victoria Colac Otway shire'ı
Australia Victoria Corangamite Shire-->Avustralya Victoria Corangamite shire'ı
Australia Victoria French Island-->Avustralya Victoria Fransız Adası
Australia Victoria Golden Plains Shire-->Avustralya Victoria Golden Plains shire'ı
Australia Victoria Pyrenees Shire-->Avustralya Victoria Pyrenees shire'ı
Australia Victoria Rural City of Ararat-->Avustralya Victoria Ararat şehri
Australia Victoria Rural City of Benalla-->Avustralya Victoria Benalla şehri
Australia Victoria Rural City of Horsham-->Avustralya Victoria Horsham şehri
Australia Victoria Rural City of Mildura-->Avustralya Victoria Mildura şehri
Australia Victoria Rural City of Swan Hill-->Avustralya Victoria Swan Hill şehri
Australia Victoria Rural City of Wangaratta-->Avustralya Victoria Wangaratta şehri
Australia Victoria Shire of Baw Baw-->Avustralya Victoria Baw Baw shire'ı
Australia Victoria Shire of Buloke-->Avustralya Victoria Buloke shire'ı
Australia Victoria Shire of Campaspe-->Avustralya Victoria Campaspe shire'ı
Australia Victoria Shire of Central Goldfields-->Avustralya Victoria Central Goldfields shire'ı
Australia Victoria Shire of East Gippsland-->Avustralya Victoria East Gippsland shire'ı
Australia Victoria Shire of Gannawarra-->Avustralya Victoria Gannawarra shire'ı
Australia Victoria Shire of Glenelg-->Avustralya Victoria Glenelg shire'ı
Australia Victoria Shire of Hepburn-->Avustralya Victoria Hepburn shire'ı
Australia Victoria Shire of Hindmarsh-->Avustralya Victoria Hindmarsh shire'ı
Australia Victoria Shire of Indigo-->Avustralya Victoria Indigo shire'ı
Australia Victoria Shire of Loddon-->Avustralya Victoria Loddon shire'ı
Australia Victoria Shire of Macedon Ranges-->Avustralya Victoria Macedon Ranges shire'ı
Australia Victoria Shire of Mansfield-->Avustralya Victoria Mansfield shire'ı
Australia Victoria Shire of Mitchell-->Avustralya Victoria Mitchell shire'ı
Australia Victoria Shire of Moira-->Avustralya Victoria Moira shire'ı
Australia Victoria Shire of Moorabool-->Avustralya Victoria Moorabool shire'ı
Australia Victoria Shire of Mount Alexander-->Avustralya Victoria Mount Alexander shire'ı
Australia Victoria Shire of Moyne-->Avustralya Victoria Moyne shire'ı
Australia Victoria Shire of Murrindindi-->Avustralya Victoria Murrindindi shire'ı
Australia Victoria Shire of Northern Grampians-->Avustralya Victoria Northern Grampians shire'ı
Australia Victoria Shire of Southern Grampians-->Avustralya Victoria Southern Grampians shire'ı
Australia Victoria Shire of Strathbogie-->Avustralya Victoria Strathbogie shire'ı
Australia Victoria Shire of Towong-->Avustralya Victoria Towong shire'ı
Australia Victoria Shire of Wellington-->Avustralya Victoria Wellington shire'ı
Australia Victoria Shire of West Wimmera-->Avustralya Victoria West Wimmera shire'ı
Australia Victoria Shire of Yarriambiack-->Avustralya Victoria Yarriambiack shire'ı
Australia Victoria South Gippsland Shire-->Avustralya Victoria South Gippsland shire'ı
Australia Victoria Surf Coast Shire-->Avustralya Victoria Surf Coast shire'ı
Australia Victoria Wellington Shire-->Avustralya Victoria Wellington shire'ı
Australia Victoria complete Melbourne metropolitan area-->Avustralya Victoria bütün Melbourne metropolü
Australia Victoria highways-->Avustralya Victoria karayolları
Australia Victoria metropolitan Melbourne-->Avustralya Victoria  Melbourne
Australia Western Australia-->Avustralya Batı Avustralya
Australia Western Australia metropolitan Perth-->Avustralya Batı Avustralya metropolitan Perth
Australia and New Zealand-->Avustralya ve Yeni Zelanda
Australian Capital Territory-->Avustralya Başkent Bölgesi
Austria EBEL-->Avusturya EBEL
Baden-Württemberg-->Baden-Württemberg
Bahamas-->Bahamalar
Bahrain Manama-->Bahreyn Manama
Baikonur Cosmodrome-->Baykonur Baykonur Uzay Üssü
Balkans-->Balkanlar
Baltic Sea-->Baltık Denizi
Baltic states-->Baltık devletleri
Bantayan-->Bantayan
Barbados-->Barbados
Beirut-->Beyrut
Belgium Brussels-->Belçika Brüksel Başkent Bölgesi
Belize-->Belize
Benelux-->Benelüks
Bhutan highways-->Bhutan karayolları
Bhutan protected areas-->Bhutan korunan alanları
Bohemian Massif-->Bohemya Masifi
Bolivia-->Bolivya
Bolivia Cochabamba-->Bolivya Cochabamba
Bonaire-->Bonaire
Boston-->ABD Boston
Brazil Brasília-->Brezilya Brasília
Brazil Minas Gerais state-->Brezilya Minas Gerais eyaleti
Brazil Rio de Janeiro-->Brezilya Rio de Janeiro
Brazil Rio de Janeiro Centro-->Brezilya Rio de Janeiro Merkezi
Brazil Rio de Janeiro Copacabana-->Brezilya Rio de Janeiro Copacabana
Brazil Sao Paulo-->Brezilya São Paulo
British Isles-->Britanya Adaları
Brunei-->Brunei
Budapest-->Budapeşte
Bumdeling Wildlife Sanctuary-->Bhutan Bumdeling Doğal Hayatı Koruma Alanı
Bumthang Bhutan-->Bhutan Bumthang
Burma Homalin Township-->Myanmar Homalin nahiyesi
Burma Mergui Archipelago-->Myanmar Mergui takımadaları
Burma Northern Sagaing Region-->Myanmar Northern Sagaing Bölgesi
Burma Sagaing-->Myanmar Sagaing
Cambodia-->Kamboçya
CanadaGeo-->KanadaGeo###############################################################3
Canada Baffin Island-->Kanada Baffin Adası
Canada British Columbia-->Kanada Britanya Kolumbiyası
Canada British Columbia (no subdivisions)-->Kanada Britanya Kolumbiyası (önizlemesiz)
Canada Calgary-->Kanada Calgary
Canada Central Quebec-->Kanada Merkez Quebec
Canada Eastern Quebec-->Kanada Doğu Quebec 
Canada Edmonton-->Kanada Edmonton
Canada Greater Montreal-->Kanada Montreal büyükşehri
Canada Lac-Saint-Jean Quebec-->Kanada Lac-Saint-Jean Quebec
Canada Lethbridge-->Kanada Lethbridge
Canada Manitoba-->Kanada Manitoba
Canada Montreal-->Kanada Montreal
Canada New Brunswick-->Kanada New Brunswick
Canada Newfoundland-->Kanada Newfoundland
Canada Newfoundland and Labrador-->Kanada Newfoundland ve Labrador
Canada Northwest Territories-->Kanada Kuzeybatı Toprakları
Canada Nova Scotia-->Kanada Yeni İskoçya
Canada Nunavut-->Kanada Nunavut
Canada Ontario Quebec-->Kanada Ontario Quebec
Canada Ottawa-->Kanada Ottawa
Canada PEI-->Kanada PEA
Canada Prince Edward Island-->Kanada Prens Edward Adası
Canada Quebec-->Kanada Québec
Canada Quebec (conic)-->Kanada Quebec (konik)
Canada Quebec City-->Kanada Quebec şehri
Canada Saskatchewan-->Kanada Saskatchewan
Canada Southern Ontario-->Kanada Güney Ontario
Canada Southern Quebec-->Kanada Güney Quebec
Canada Toronto-->Kanada Toronto
Canada Vancouver-->Kanada Vancouver
Canada Vancouver City-->Kanada Vancouver şehri
Canada Vancouver Downtown-->Kanada Vancouver şehir merkezi
Canada Vancouver Richmond-->Kanada Vancouver Richmond
Canada Western Quebec-->Kanada Western Quebec
Canada Winnipeg-->Kanada Winnipeg
Canada Yukon-->Kanada Yukon
Caribbean-->Karayipler
Carpathian Mountains-->Karpatlar
Caspian Sea-->Hazar Denizi
Caucasus-->Kafkaslar
Central America-->Orta Amerika
Central Europe-->Orta Avrupa
Central Serbia relief-->Orta Sırbıstan relief
Chaco Province-->Arjantin Chaco eyaleti
Chad-->Çad
Chile Los Lagos-->Şili Los Lagos
Chiloé-->Şili Chiloé
China (equirectangular)-->Çin (equirectangular)
China Chongqing-->Çin Çongçing
China Fujian-->Çin Fujian
China Guangdong-->Çin Guangdong
China Guangxi-->Çin Guangxi
China Hainan-->Çin Hainan
China Hebei-->Çin Hebei
China Heilongjiang-->Çin Heilongjiang
China Henan-->Çin Henan
China Hubei-->Çin Hubei
China Inner Mongolia-->Çin İç Moğolistan
China Jilin-->Çin Jilin
China Liaoning-->Çin Liaoning
China Macau-->Çin Makao
China Northern Plain-->Kuzey Çin Ovası
China Qingdao-->Çin Qingdao
China Qinghai-->Çin Çinghay
China Ronggui-->Çin Ronggui
China Shandong-->Çin Şantung
China Shanghai-->Çin Şanghay
China Shanxi-->Çin Şansi
China Sichuan-->Çin Siçuan
China Tibet-->Çin Tibet
China Xinjiang-->Çin Sincan Uygur Özerk Bölgesi
China Yunnan-->Çin Yünnan
Chongqing-->Chongqing
Chubut-->Arjantin Chubut eyaleti
Chukha Bhutan-->Bhutan Chukha
Cocos Islands-->Cocos Adaları
Cold War Germany-->Soğuk Savaş Almanya
Commonwealth of Nations-->İngiliz Milletler Topluluğu
Comoros-->Komorlar
Comoros Grand Comore-->Komorlar Grabd Comore
Cooper, Texas-->ABD Teksas Cooper
Costa Rica-->Kosta Rika
Croatia Central Dalmatia-->Hırvatistan Orta Dalmaçya
Croatia Krapina-Zagorje County-->Hırvatistan Krapina-Zagorje
Croatia Krk-->Hırvatistan Krk
Croatia Northern Dalmatia-->Hırvatistan Kuzey Dalmaçya
Croatia Osijek-Baranja County-->Hırvatistan Osijek-Baranya
Croatia Split-Dalmatia County-->Hırvatistan Split-Dalmaçya
Croatia Vukovar-Syrmia County-->Hırvatistan Vukovar-Syrmia
Croatia Zadar County-->Hırvatistan Zadar Bölgesi
Cuba1-->Küba1
Curacao-->Curaçao
Czech Republic Central Bohemia-->Çek Cumhuriyeti Orta Bohemya
Czech Republic Greater Prague-->Çek Cumhuriyeti Prag büyükşehri
Czech Republic Plzen-->Çek Cumhuriyeti Plzeň
Czech Republic Usti nad Labem-->Çek Cumhuriyeti Ústí nad Labem
Côte-Nord Region Quebec-->Kanada Côte-Nord Bölgesi Quebec
Dagana Bhutan-->Bhutan Dagana
Delta County, Texas-->ABD Texas Delta County
Denmark Bornholm-->Danimarka Bornholm
Denmark Copenhagen-->Danimarka Kopenhag
Denmark Falster-->Danimarka Falster
Denmark Faroe Islands-->Danimarka Faroe Adaları
Denmark Funen-->Danimarka Fyn
Denmark Hadsund-->Danimarka Hadsund
Denmark Helnæs-->Danimarka Helnæs
Denmark Lolland-->Danimarka Lolland
Denmark Møn-->Danimarka Møn
Denmark Zealand-->Danimarka Sjælland
Dinaric Alps-->Dinar Alpleri
Djibouti-->Cibuti
Dubai-->Dubai
East Germany-->Doğu Almanya
East Jerusalem-->Doğu Kudüs
East Timor-->Doğu Timor
Ecuador Galápagos Islands-->Ekvador Galapagos Adaları
Ecuador Guayaguil-->Ekvador Guayaquil
Ecuador Quito central-->Ekvador Quito merkezi
Egypt Sinai-->Mısır Sina
England south-->Birleşik Krallık Güney İngiltere
England southeast-->Güneydoğu İngiltere
Equatorial Guinea Bioko-->Ekvator Ginesi Bioko
Equatorial Guinea mainland-->Ekvator Ginesi anakara
Eritrea-->Eritre
Estonia Harju County-->Estonya Harju ili
Estonia Lääne County-->Estonya Lääne ili
Estonia Pärnu County-->Estonya Pärnu ili
Estonia Saare County-->Estonya Saare ili
Estonia Tallinn-->Estonya Tallinn
Estonia Valga County-->Estonya Valga ili
Estonia Viljandi County-->Estonya Viljandi ili
Estonia Võru County-->Estonya Võru ili
Ethiopia-->Etiyopya
Ethiopia Afar Region-->Etiyopya Afar Bölgesi
Ethiopia Tigray Region-->Etiyopya Tigray Bölgesi
European Parliament constituencies 2007-->Avrupa Parlamentosu seçim bölgesi 2007
European Russia-->Avrupa Rusya
European USSR-->Avrupa SSCB
European Union-->Avrupa Birliği
FRG and West Berlin-->Batı Almanya ve Batı Berlin
Federated States of Micronesia-->Mikronezya Federal Devletleri
Fiji-->Fiji
Finland Åland-->Finlandiya Åland
Finland Åland Islands-->Finlandiya Åland Adaları
France Ain-->Fransa Ain###################
France Aisne-->Fransa Aisne
France Allier-->Fransa Allier
France Alpes-de-Haute-Provence-->Fransa Alpes-de-Haute-Provence
France Alsace-->Fransa Alsas
France Angers-->Fransa Angers
France Aquitaine-->Fransa Akitanya
France Auvergne-->Fransa Auvergne
France Basse-Normandie-->Fransa Aşağı Normandiya
France Bordeaux-->Fransa Bordeaux
France Bourgogne-->Fransa Burgonya
France Brest-->Fransa Brest
France Bretagne-->Fransa Bretonya
France Burgundy-->Fransa Burgonya
France Caen-->Fransa Caen
France Centre-->Fransa Merkez
France Champagne-Ardenne-->Fransa Champagne-Ardenne
France Charente-->Fransa Charente
France Charente-Maritime-->Fransa Charente-Maritime
France Corsica-->Fransa Korsika
France Côtes-d'Armor-->Fransa Côtes-d'Armor
France Finistère-->Fransa Finistère
France Franche-Comté-->Fransa Franche-Comté
France Haute-Garonne-->Fransa Haute-Garonne
France Haute-Normandie-->Fransa Yukarı Normandiya
France Hautes-Alpes-->Fransa Hautes-Alpes
France Ille-et-Vilaine-->Fransa Ille-et-Vilaine
France Kerguelen-->Fransa Kerguelen Adaları
France Landes-->Fransa Landes
France Languedoc-Roussillon-->Fransa Languedoc-Roussillon
France Le Havre-->Fransa Le Havre
France Le Mans-->Fransa Le Mans
France Lille-->Fransa Lille
France Limousin-->Fransa Limousin
France Loire-Atlantique-->Fransa Loire-Atlantique
France Lorient-->Fransa Lorient
France Lorraine-->Fransa Lorraine
France Mayotte-->Fransa Mayotte
France Midi-Pyrénées-->Fransa Midi-Pyrénées
France Montpellier-->Fransa Montpellier
France Morbihan-->Fransa Morbihan
France Nantes-->Fransa Nantes
France Nice-->Fransa Nice
France Nord-Pas-de-Calais-->Fransa Nord-Pas-de-Calais
France Orléans-->Fransa Orléans
France Paris 1st arrondissement-->Fransa Paris 1. idare bölgesi
France Pas-de-Calais-->Fransa Pas-de-Calais
France Pays de la Loire-->Fransa Pays de la Loire
France Picardie-->Fransa Picardie
France Poitiers-->Fransa Poitiers
France Poitou-Charentes-->Fransa Poitou-Charentes
France Provence-Alpes-Côte d'Azur-->Fransa Provence-Alpes-Côte d'Azur
France Quimper-->Fransa Quimper
France Reims-->Fransa Reims
France Rennes-->Fransa Rennes
France Rhône-Alpes-->Fransa Rhône-Alpes
France Rouen-->Fransa Rouen
France Saint-Brieuc-->Fransa Saint-Brieuc
France Saint-Malo-->Fransa Saint-Malo
France Saint-Nazaire-->Fransa Saint-Nazaire
France Savoie-->Fransa Savoie
France Strasbourg-->Fransa Strazburg
France Toulouse-->Fransa Toulouse
France Tours-->Fransa Tours
France Vannes-->Fransa Vannes
France Vaucluse-->Fransa Vaucluse
France Vienne-->Fransa Vienne
France Île-de-France-->Fransa Île-de-France
French Guiana-->Fransız Guyanası
French Polynesia-->Fransız Polinezyası
Fuerteventura-->Fuerteventura
Fukuoka city-->Japonya Fukuoka şehri
Futuna-->Fransa Wallis ve Futuna Adaları
Făgăraş Mountains-->Făgăraş Dağları
GDR-->Doğu Almanya
Gasa Bhutan-->Bhutan Gasa
Georgia Abkhazia-->Gürcistan Abhazya
Georgia Adjara-->Gürcistan Acara Özerk Cumhuriyeti
Georgia Guria-->Gürcistan Guria
Georgia Kazbegi District-->Gürcistan Kazbegi bölgesi
Georgia Samegrelo-Zemo Svaneti-->Gürcistan Samegrelo-Zemo Svaneti
Germany 1937-->Almanya 1937
Germany Austria Switzerland-->Almanya Avusturya İsviçre
Germany Baden-Württemberg-->Almanya Baden-Württemberg
Germany Bavaria-->Almanya Bavyera
Germany Berlin-->Almanya Berlin
Germany Berlin central-->Almanya Berlin'nin merkezi
Germany Brandenburg-->Almanya Brandenburg
Germany Bremen-->Almanya Bremen
Germany Frankfurt am Main-->Almanya Frankfurt am Main
Germany Hamburg-->Almanya Hamburg
Germany Hessen-->Almanya Hessen
Germany Lower Saxony-->Almanya Aşağı Saksonya
Germany Mecklenburg-Vorpommern-->Almanya Mecklenburg-Vorpommern
Germany Nordrhein-Westfalen-->Almanya Kuzey Ren-Vestfalya
Germany Rheinland-Pfalz-->Almanya Renanya-Palatina
Germany Rhineland-Palatinate-->Almanya Rheinland-Pfalz
Germany Saarland-->Almanya Saarland
Germany Sachsen-->Almanya Saksonya
Germany Sachsen-Anhalt-->Almanya Saksonya-Anhalt
Germany Saxony-Anhalt-->Almanya Saksonya Anhalt
Germany Schleswig-Holstein-->Almanya Schleswig-Holstein
Germany Thuringia-->Almanya Türingiya
Germany Thüringen-->Almanya Thüringen
Gibraltar-->Cebelitarık
Golan-->Golan
Golan Heights-->Golan Tepeleri
Great Lakes-->Büyük Göller
Greece Athens central-->Yunanistan Atina merkezi
Greece Dimos Edessas-->Yunanistan Dimos Edessas
Greece Dimos Skydras-->Yunanistan Dimos Skydras
Greece Peloponnese-->Yunanistan Mora Yarımadası
Greenland Disko Bay-->Grönland Disko Bay
Greenland Mid East-->Grönland Mid East
Greenland Nuuk-->Grönland Nuuk
Greenland South-->Grönland Güney
Greenland Thule-->Grönland Thule
Grenada-->Grenada
Guadeloupe-->Guadeloupe
Guayana-->Guyana
Guinea Conakry-->Gine Konakri
Haa Bhutan-->Bhutan Haa
Haiti-->Haiti
Hermon-->Suriye ve Lübnan
High Tatras-->High Tatras
Honduras-->Honduras
Hong Kong-->Çin Hong Kong
Hong Kong Island-->Çin Hong Kong Adası
Hong Kong MTR-->Çin Hong Kong MTR
Hungary Bekes-->Macaristan Békés
Hungary Heves-->Macaristan Heves
Hungary Jasz-Nagykun-Szolnok-->Macaristan Jasz-Nagykun-Szolnok
Hungary Pest-->Macaristan Pest
Iberia-->İber Yarımadası
Iberia relief-->İber Yarımadası relief
India Andaman and Nicobar Islands-->Hindistan Andaman ve Nikobar Adaları
India Andhra Pradesh-->Hindistan Andhra Pradeş
India Arunachal Pradesh-->Hindistan Arunaçhal Pradeş
India Assam-->Hindistan Assam
India Bangalore-->Hindistan Bangalore
India Bhopal-->Hindistan Bhopal
India Bihar-->Hindistan Bihar
India Chandigarh-->Hindistan Çhandigarh
India Chattisgarh-->Hindistan Chhattisgarh
India Chennai-->Hindistan Chennai
India Dadra and Nagar Haveli-->Hindistan Dadra ve Nagar Haveli
India Delhi central-->Hindistan Delhi'nin merkezi
India Goa-->Hindistan Goa
India Gujarat-->Hindistan Gucerat
India Haryana-->Hindistan Haryana
India Himachal Pradesh-->Hindistan Himaçhal Pradeş
India Jammu and Kashmir-->Hindistan Cemmu ve Keşmir
India Jharkhand-->Hindistan Jharkhand
India Karnataka-->Hindistan Karnataka
India Kerala-->Hindistan Kerala
India Kochi-->Hindistan Kochi
India Lakshadweep-->Hindistan Lakşadvip Adaları
India Madhya Pradesh-->Hindistan Madhya Pradeş
India Maharashtra-->Hindistan Maharaştra
India Manipur-->Hindistan Manipur
India Meghalaya-->Hindistan Meghalaya
India Mizoram-->Hindistan Mizoram
India Mumbai-->Hindistan Mumbai
India Nagaland-->Hindistan Nagaland
India Nagpur-->Hindistan Nagpur
India Orissa-->Hindistan Orissa
India Patna-->Hindistan Patna
India Pondicherry-->Hindistan Puduçeri
India Punjab-->Hindistan Pencap
India Rajasthan-->Hindistan Racastan
India Sikkim-->Hindistan Sikkim
India Tamil Nadu-->Hindistan Tamil Nadu
India Tiruchirapalli-->Hindistan Tiruchirapalli
India Tripura-->Hindistan Tripura
India Uttar Pradesh-->Hindistan Uttar Pradeş
India Uttarakhand-->Hindistan Uttarakhand
India West Bengal-->Hindistan Batı Bengal
Indian Ocean-->Hint Okyanusu
Indonesia (provinces)-->Endonezya (illeri)
Indonesia Aceh-->Endonezya Açe
Indonesia Bintan-->Endonezya Bintan
Indonesia Bird's Head Peninsula-->Endonezya Kuş Kafası Yarımadası
Indonesia Halmahera-->Endonezya Halmahera
Indonesia Jakarta-->Endonezya Cakarta
Indonesia Java-->Endonezya Cava Adası
Indonesia Kalimantan-->Endonezya Kalimantan
Indonesia Sumatra North-->Endonezya Kuzey Sumatra
Indonesia Sumatra South-->Endonezya Güney Sumatra
Indonesia Sumba-->Endonezya Sumba
Indonesia Timor-->Endonezya Timor
Indonesia West Papua-->Endonezya Batı Papua
Ipswich-->Birleşik Krallık Ipswich
Iran Isfahan-->İran İsfahan
Iran Tehran-->İran Tahran
Iraq Arbil-->Irak Erbil
Iraq Baghdad-->Irak Bağdat
Iraq Mosul-->Irak Musul
Iraq Sulaymaniyah-->Irak Süleymaniye
Ireland Central Dublin-->İrlanda Dublin'in merkezi
Island of Ireland-->İrlanda Adası
Isle of Man-->Man Adası
Israel Golan-->İsrail Golan
Israel Golan Heights-->İsrail Golan Tepeleri
Israel ashkelon-->İsrail Aşkelon
Israel binyamin-->İsrail Binyamin
Italia Sardegna-->İtalya Sardinya
Italia Sicilia-->İtalya Sicilya
Italy Calabria-->İtalya Calabria
Italy Emilia-Romagna-->Emilia-Romagna
Italy Milan-->İtalya Milano
Italy Milan Central-->İtalya Milano'nun merkezi
Italy North-->İtalya Kuzey
Italy Piemont-->İtalya Piyemonte
Italy Rome-->İtalya Roma
Italy Rome Antiquity-->İtalya Roma (antik)
Italy South Tyrol-->İtalya Güney Tirol
Italy Tuscany-->İtalya Toskana
Italy Umbria-->İtalya Umbria
Ivory Coast-->Fildişi Sahili
Jamaica-->Jamaika
Japan Ryukyu Islands-->Japonya Ryukyu Adaları
Jerusalem-->Kudüs
Jigme Dorji National Park-->Bhutan Jigme Dorji Milli Parkı
Jigme Singye Wangchuck National Park-->Bhutan Jigme Singye Wangchuck Milli Parkı
Karakoram-->Karakurum Dağları
Khaling Wildlife Sanctuary-->Bhutan Khaling Doğal Hayatı Koruma Alanı
Kingdom of Hungary-->Macaristan Krallığı
Kingdom of the East Angles-->Doğu Anglia Krallığı
Kiribati-->Kiribati
Kyoto city-->Japonya Kyoto
Lancaster-->İngiltere Lancaster
Latvia Daugavpils-->Letonya Daugavpils
Latvia Daugavpils Municipality-->Letonya Daugavpils Belediyesi
Latvia Riga-->Letonya Riga
Lebanon Beirut-->Lübnan Beyrut
Lesotho-->Lesotho
Lesser Antilles-->Küçük Antiller
Lhuntse Bhutan-->Bhutan Lhuntse
Libya Benghazi-->Libya Bingazi
Libya Tripoli-->Libya Trablus
Libya Tripoli Old City-->Libya Trablus Old City
Lower Egypt-->Aşağı Mısır
Madagascar-->Madagaskar
Malaysia Borneo-->Malezya Borneo
Malaysia East-->Malezya Doğu
Malaysia Kuala Lumpur-->Malezya Kuala Lumpur
Malaysia Kuala Lumpur central-->Malezya Kuala Lumpur'un merkezi
Malaysia peninsula-->Malezya yarımadası
Malaysia West-->Malezya Batı
Maldives Haa Alif-->Maldivler Haa Alif
Mali-->Mali##########################################
Manchester Metrolink-->İngiltere Manchester metro hatları
Mandatory Palestine-->Birleşik Krallık Filistin Mandası
Marshall islands-->Marshall Adaları
Martinique-->Fransa Martinique
Mauritania-->Moritanya
Mediterranean-->Akdeniz
Mesoamerica-->Mezoamerika
Mesopotamia-->Mezopotamya
Mesopotamia2-->Mezopotamya2
Metro Manila-->Filipinler Metro Manila
Mexico Baja California Sur-->Meksika Güney Aşağı Kaliforniya
Mexico Campeche-->Meksika Campeche
Mexico Colima-->Meksika Colima
Mexico Cozumel-->Meksika Cozumel
Mexico Federal District-->Meksika Federal Bölge
Mexico Mexico City-->Meksika Meksiko
Mexico Oaxaca-->Meksika Oaxaca
Mexico Quintana Roo-->Meksika Quintana Roo
Mexico State of Mexico-->Meksika Meksika
Mexico Tabasco-->Meksika Tabasco
Mexico Tijuana-->Meksika Tijuana
Mexico Tijuana Centro-->Meksika Tijuana'nın merkezi
Mexico Yucatan-->Meksika Yucatán
Middle East-->Orta Doğu
Middle East2-->Orta Doğu2
Moldova Transnistria-->Moldova Transdinyester
Mombasa-->Kenya Mombasa
Monaco-->Monako
Mongar Bhutan-->Bhutan Mongar
Mongolia-->Moğolistan
Moon-->Ay
Morocco Greater Casablanca-->Fas Grand Casablanca
Morocco Northern Morocco-->Fas Kuzey Fas
NDH-->Hırvatistan Bağımsız Devleti
NDH (east)-->Hırvatistan Bağımsız Devleti (doğu)
NDH 41 (east)-->Hırvatistan Bağımsız Devleti 41 (doğu)
NDH 43 (east)-->Hırvatistan Bağımsız Devleti 43 (doğu)
NKR-->DKC
Nagorno-Karabakh Republic-->Dağlık Karabağ Cumhuriyeti
Nahariya-->Batı Celile
Nairobi-->Kenya Nairobi
National parks of South Korea-->Güney Kore'deki milli parklar
Nauru-->Nauru
Netherlands ABC islands-->Hollanda ABC adaları
Netherlands Amsterdam-->Hollanda Amsterdam
Netherlands Amsterdam Central-->Hollanda Amsterdam'ın merkezi
Netherlands Amsterdam Greater-->Hollanda Amsterdam büyükşehri
Netherlands Amsterdam metro station-->Hollanda Amsterdam metro istasyonları
Netherlands Antilles-->Hollanda Antiller
Netherlands Drenthe-->Hollanda Drenthe
Netherlands Dutch railway station-->Hollanda Flemenkçe tren istasyonları
Netherlands Groningen-->Hollanda Groningen
Netherlands Haarlem-->Hollanda Haarlem
Netherlands North Brabant-->Hollanda Kuzey Brabant
Netherlands RandstadRail station-->Hollanda hafif raylı istasyonları
Netherlands Rotterdam-->Hollanda Rotterdam
New Caledonia-->Fransa Yeni Kaledonya
New York Staten Island-->ABD New York Staten Island
New Zealand Auckland-->Yeni Zelanda Auckland
New Zealand Christchurch-->Yeni Zelanda Christchurch
New Zealand Christchurch street-->Yeni Zelanda Christchurch cadde
New Zealand Invercargill street-->Yeni Zelanda Invercargill cadde
New Zealand Marlborough-->Yeni Zelanda Marlborough
New Zealand North Island-->Yeni Zelanda Kuzey Adası
New Zealand Northland-->Yeni Zelanda Northland
New Zealand South Island-->Yeni Zelanda Güney Adası
New Zealand Taranaki-->Yeni Zelanda Taranaki
New Zealand Wellington-->Yeni Zelanda Wellington
New Zealand West Coast-->Yeni Zelanda West Coast
New Zealand transparent-->Yeni Zelanda transparent
Nicaragua-->Nikaragua
Nigeria Lagos-->Nijerya Lagos
Niue-->Yeni Zelanda Niue
Nordenskiöld Archipelago-->Nordenskiöld Takımadaları
North America-->Kuzey Amerika
North Atlantic-->Kuzey Atlas
North Pacific-->Kuzey Pasifik
North Sea-->Kuzey Denizi
North West England-->Birleşik Krallık Kuzey-Batı İngiltere
Northern Central America-->Kuzey Orta Amerika
Northern England-->Birleşik Krallık Kuzey İngiltere
Norway Akershus-->Norveç Akershus
Norway Aust-Agder-->Norveç Aust-Agder
Norway Buskerud-->Norveç Buskerud
Norway Finnmark-->Norveç Finnmark
Norway Hedmark-->Norveç Hedmark
Norway Hordaland-->Norveç Hordaland
Norway Møre og Romsdal-->Norveç Møre og Romsdal
Norway Nord-Trøndelag-->Norway Nord-Trøndelag
Norway Nordland-->Norveç Nordland
Norway North-->Norveç Kuzey
Norway Oppland-->Norveç Oppland
Norway Oslo-->Norveç Oslo
Norway Oslo Central-->Norveç Oslo'nun merkezi
Norway Rogaland-->Norveç Rogaland
Norway Sogn og Fjordane-->Norveç Sogn og Fjordane
Norway Sør-Trøndelag-->Norveç Sør-Trøndelag
Norway Telemark-->Norveç Telemark
Norway Troms-->Norveç Troms
Norway Vest-Agder-->Norveç Vest-Agder
Norway Vestfold-->Norveç Vestfold
Norway Østfold-->Norveç Østfold
Occupied Yugoslavia-->İşgal edilmiş Yugoslavya
Oceania-->Okyanusya
Old Jerusalem-->Eski Kudüs
Pacific Ocean-->Büyük Okyanus
Pakistan Karachi-->Pakistan Karaçi
Pakistan Lahore-->Pakistan Lahor
Pakistan Sindh-->Pakistan Sind
Palau-->Palau
Palestine Gaza-->Filistin Gazze
Pannonian Basin-->Panoniyen Havzası
Papua New Guinea-->Papua Yeni Gine
Papua New Guinea Bougainville Island-->Papua Yeni Gine Bougainville
Papua New Guinea East New Britain-->Papua Yeni Gine Doğu Yeni Britanya
Papua New Guinea Gulf Province-->Papua Yeni Gine Gulf eyaleti
Papua New Guinea New Britain and Ireland-->Papua Yeni Gine Yeni Britanya and Yeni İrlanda
Papua New Guinea New Ireland-->Papua Yeni Gine Yeni İrlanda
Papua New Guinea Sandaun Province-->Papua Yeni Gine Sandaun eyaleti
Papua New Guinea West New Britain-->Papua Yeni Gine Batı Yeni Britanya
Paraguay-->Paraguay
Paro Bhutan-->Bhutan Paro
Pemagatshel Bhutan-->Bhutan Pemagatshel
Persian Gulf-->Basra Körfezi
Peru Lima-->Peru Lima
Phibsoo Wildlife Sanctuary-->Bhutan Phibsoo Doğal Hayatı Koruma Alanı
Philadelphia-->ABD Philadelphia
Pittsburgh-->ABD Pittsburgh
Pittsburgh central-->ABD Pittsburgh'un merkezi
Poland 1939-->Polonya 1939
Portugal Azores Terceira-->Portekiz Azorlar Terceira
Portugal Madeira-->Portekiz Madeira
Portugal Madeira Island-->Portekiz Madeira Adaları
Principe-->São Tomé ve Príncipe Príncipe Adası
Punakha Bhutan-->Bhutan Punakha
Pyrenees-->Pireneler
Reunion-->Fransa Réunion
Rift Valley-Western-->Rift Vadisi-Batı
Royal Manas National Park-->Bhutan Royal Manas Milli Parkı
Russia (equirectangular)-->Rusya (equirectangular)
Russia Adygea-->Rusya Adıge Cumhuriyeti
Russia Altai Krai-->Rusya Altay Krayı
Russia Altai Republic-->Rusya Altay Cumhuriyeti
Russia Amur Oblast-->Rusya Amur Oblastı
Russia Arkhangelsk Oblast-->Rusya Arhangelsk Oblastı
Russia Arkhangelsk Oblast 2-->Rusya Arhangelsk Oblastı 2
Russia Astrakhan Oblast-->Rusya Astrakhan Oblast
Russia Bashkortostan-->Rusya Başkurdistan
Russia Belgorod Oblast-->Rusya Belgorod Oblastı
Russia Bryansk Oblast-->Rusya Bryansk Oblastı
Russia Buryatia-->Rusya Buryatya
Russia Central Federal District-->Rusya Merkez Federal Bölgesi
Russia Chechnya-->Rusya Çeçenistan
Russia Chelyabinsk Oblast-->Rusya Çelyabinsk Oblastı
Russia Chukotka Autonomous Okrug-->Rusya Çukotka Özerk Okrugu
Russia Chuvash Republic-->Rusya Çuvaş Cumhuriyeti
Russia Chuvashia-->Rusya Çuvaşistan
Russia Far Eastern Federal District-->Rusya Uzak Doğu Federal Bölgesi
Russia Ingushetia-->Rusya İnguşetya
Russia Irkutsk Oblast-->Rusya İrkutsk Oblastı
Russia Ivanovo Oblast-->Rusya İvanovo Oblastı
Russia Jewish Autonomous Oblast-->Rusya Yahudi Özerk Oblastı
Russia Kabardino-Balkar Republic-->Rusya Kabardino-Balkarya
Russia Kaliningrad Oblast-->Rusya Kaliningrad Oblastı
Russia Kalmykia-->Rusya Kalmukya
Russia Kaluga Oblast-->Rusya Kaluga Oblastı
Russia Kamchatka Krai-->Rusya Kamçatka Krayı
Russia Karachay-Cherkess Republic-->Rusya Karaçay-Çerkes Cumhuriyeti
Russia Karachay-Cherkessia-->Rusya Karaçay-Çerkes
Russia Karelia-->Rusya Karelya
Russia Kemerovo Oblast-->Rusya Kemerovo Oblast
Russia Khabarovsk Krai-->Rusya Khabarovsk Krai
Russia Khakassia-->Rusya Hakasya
Russia Khanty–Mansi Autonomous Okrug-->Rusya Hantı-Mansi Özerk Okrugu
Russia Kirov Oblast-->Rusya Kirov Oblastı
Russia Komi Republic-->Rusya Komi Cumhuriyeti
Russia Kostroma Oblast-->Rusya Kostroma Oblastı
Russia Krasnoyarsk Krai-->Rusya Krasnodar Krayı
Russia Kurgan Oblast-->Rusya Kurgan Oblastı
Russia Kuril Islands-->Rusya Kuril Adaları
Russia Kursk Oblast-->Rusya Kursk Oblastı
Russia Leningrad Oblast-->Rusya Leningrad Oblastı
Russia Lipetsk Oblast-->Rusya Lipetsk Oblastı
Russia Magadan Oblast-->Rusya Magadan Oblastı
Russia Mari El-->Rusya Mari El
Russia Mordovia-->Rusya Mordovya
Russia Moscow-->Rusya Moskova
Russia Moscow Central-->Rusya Moskova'nın merkezi
Russia Moscow MKAD-->Rusya Moskova Çevre Yolu
Russia Moscow Oblast-->Rusya Moskova Oblastı
Russia Moscow Oblast Kolomna Rayon-->Rusya Moskova Oblastı Kolomna Rayon
Russia Murmansk Oblast-->Rusya Murmansk Oblastı
Russia Nenets Autonomous Okrug-->Rusya Nenets Özerk Okrugu
Russia Nizhny Novgorod Oblast-->Rusya Nijniy Novgorod Oblastı
Russia North Ossetia-Alania-->Rusya Kuzey Osetya-Alanya
Russia Northwestern Federal District-->Rusya Kuzeybatı Federal Bölgesi
Russia Novaya Zemlya-->Rusya Novaya Zemlya
Russia Novgorod Oblast-->Rusya Novgorod Oblastı
Russia Novosibirsk Oblast-->Rusya Novosibirsk Oblastı
Russia Omsk Oblast-->Rusya Omsk Oblastı
Russia Orenburg Oblast-->Rusya Orenburg Oblastı
Russia Oryol Oblast-->Rusya Oryol Oblastı
Russia Penza Oblast-->Rusya Penza Oblastı
Russia Perm Krai-->Rusya Perm Krayı
Russia Primorsky Krai-->Rusya Primorskiy Krayı
Russia Pskov Oblast-->Rusya Pskov Oblastı
Russia Republic of Tatarstan-->Rusya Tataristan
Russia Rostov Oblast-->Rusya Rostov Oblastı
Russia Ryazan Oblast-->Rusya Ryazan Oblastı
Russia Saint Petersburg-->Rusya Sankt Peterburg
Russia Saint Petersburg central-->Rusya Sankt Peterburg'un merkezi
Russia Sakhalin-->Rusya Sahalin
Russia Sakhalin Oblast-->Rusya Sahalin Oblastı
Russia Samara Oblast-->Rusya Samara Oblastı
Russia Saratov Oblast-->Rusya Saratov Oblastı
Russia Shantar Islands-->Rusya Shantar Adaları
Russia Smolensk Oblast-->Rusya Smolensk Oblastı
Russia Southern Federal District-->Rusya Güney Federal Bölgesi
Russia Stavropol Krai-->Rusya Stavropol Krayı
Russia Sverdlovsk Oblast-->Rusya Sverdlovsk Oblastı
Russia Tambov Oblast-->Rusya Tambov Oblastı
Russia Tomsk Oblast-->Rusya Tomsk Oblastı
Russia Tula Oblast-->Rusya Tula Oblastı
Russia Tuva Republic-->Rusya Tuva Cumhuriyeti
Russia Tver Oblast-->Rusya Tver Oblastı
Russia Tyumen Oblast-->Rusya Tümen Oblastı
Russia Udmurtia-->Rusya Udmurtya
Russia Ulyanovsk Oblast-->Rusya Ulyanovsk Oblastı
Russia Vladimir Oblast-->Rusya Vladimir Oblastı
Russia Volga Federal District-->Rusya Volga Federal Bölgesi
Russia Volgograd Oblast-->Rusya Volgograd Oblastı
Russia Vologda Oblast-->Rusya Vologda Oblastı
Russia Vologda Oblast Nyuksensky District-->Rusya Vologda Oblastı Nyuksensky Bölgesi
Russia Voronezh-->Rusya Voronej
Russia Voronezh Oblast-->Rusya Voronej Oblastı
Russia Western-->Rusya Batı
Russia Yamalo-Nenets Autonomous Okrug-->Rusya Yamalo-Nenets Özerk Okrugu
Russia Yaroslavl Oblast-->Rusya Yaroslavl Oblastı
Russia Zabaykalsky Krai-->Rusya Zabaykalskiy Krayı
Ryukyu-->Ryukyu
Réunion-->Fransa Réunion
Saint-Barthélemy-->Fransa Saint Barthélemy
Saint-Martin-->Fransa Saint Martin
Saint-Pierre-et-Miquelon-->Fransa Saint Pierre ve Miquelon
Saint Kitts and Nevis-->Saint Kitts ve Nevis
Saint Lucia-->Saint Lucia
Saint Vincent and the Grenadines-->Saint Vincent ve Grenadinler
Sakteng Wildlife Sanctuary-->Bhutan Sakteng Doğal Hayatı Koruma Alanı
Samdrup Jongkhar Bhutan-->Bhutan Samdrup Jongkhar
Samoa-->Samoa
Samtse Bhutan-->Bhutan Samtse
San Diego County, California-->ABD Kaliforniya San Diego County
Sao Tome-->São Tomé
Sao Tome and Principe-->São Tomé ve Príncipe
Sardegna-->İtalya Sardinya
Sarpang Bhutan-->Bhutan Sarpang
Scandinavia-->İskandinavya
Scotland Aberdeen-->İskoçya Aberdeen
Scotland Aberdeen Central-->İskoçya Aberdeen'in merkezi
Scotland Aberdeenshire-->İskoçya Aberdeenshire
Scotland Angus-->İskoçya Angus
Scotland Argyll and Bute-->İskoçya Argyll ve Bute
Scotland Badenoch and Strathspey-->İskoçya Badenoch ve Strathspey
Scotland Caithness-->İskoçya Caithness
Scotland Clackmannanshire-->İskoçya Clackmannanshire
Scotland Dumfries and Galloway-->İskoçya Dumfries ve Galloway
Scotland Dundee-->İskoçya Dundee
Scotland East Ayrshire-->İskoçya Doğu Ayrshire
Scotland East Dunbartonshire-->İskoçya Doğu Dunbartonshire
Scotland East Lothian-->İskoçya Doğu Lothian
Scotland East Renfrewshire-->İskoçya Doğu Renfrewshire
Scotland Edinburgh-->İskoçya Edinburgh
Scotland Edinburgh Central-->İskoçya Edinburgh'un merkezi
Scotland Falkirk-->İskoçya Falkirk
Scotland Fife-->İskoçya Fife
Scotland Glasgow-->İskoçya Glasgow
Scotland Glasgow Central-->İskoçya Glasgow'un merkezi
Scotland Highland-->İskoçya Highland
Scotland Inverclyde-->İskoçya Inverclyde
Scotland Inverness-->İskoçya Inverness
Scotland Isle of Skye-->İskoçya Skye
Scotland Lochaber-->İskoçya Lochaber
Scotland Midlothian-->İskoçya Midlothian
Scotland Moray-->İskoçya Moray
Scotland Nairn-->İskoçya Nairn
Scotland North Ayrshire-->İskoçya Kuzey Ayrshire
Scotland North Lanarkshire-->İskoçya Kuzey Lanarkshire
Scotland Orkney-->İskoçya Orkney Adaları
Scotland Outer Hebrides-->İskoçya Dış Hebridler
Scotland Perth and Kinross-->İskoçya Perth ve Kinross
Scotland Renfrewshire-->İskoçya Renfrewshire
Scotland Ross and Cromarty-->İskoçya Ross ve Cromarty
Scotland Scottish Borders-->İskoçya İşkoç Sınırları
Scotland Shetland-->İskoçya Shetland
Scotland Shetland Whalsay-->İskoçya Shetland Whalsay
Scotland South Ayrshire-->İskoçya Güney Ayrshire
Scotland South Lanarkshire-->İskoçya Güney Lanarkshire
Scotland Stirling-->İskoçya Stirling
Scotland Sutherland-->İskoçya Sutherland
Scotland West Dunbartonshire-->İskoçya Batı Dunbartonshire
Scotland West Lothian-->İskoçya Batı Lothian
Singapore-->Singapur
Sint Maarten-->Sint Maarten
Slovenia Central-->Slovenya Merkez
Slovenia Inner Carniola-Karst-->Slovenya İç Kranjska-Karst
Slovenia North West-->Slovenya Kuzeybatı
Slovenia Podravska-->Slovenya Podravska
Slovenia Pomurska-->Slovenya Pomurje
Slovenia South East-->Slovenya Güneydoğu
Slovenia South West-->Slovenya Güneybatı
Solapur District-->Hindistan Maharaştra Solapur Bölgesi
Solomon Islands-->Solomon Adaları
Solomon Islands Guadalcanal-->Solomon Adaları Guadalcanal
Somaliland-->Somaliland
South-West Scandinavia-->Güneybatı İskandinavya
South Africa Eastern Cape-->Güney Afrika Doğu Kap
South Africa Free State-->Güney Afrika Özgür Devlet
South Africa Gauteng-->Güney Afrika Gauteng
South Africa Gauteng Greater Johannesburg-->Güney Afrika Gauteng Johannesburg büyükşehri
South Africa KwaZulu-Natal-->Güney Afrika KwaZulu-Natal
South Africa KwaZulu-Natal Greater Durban-->Güney Afrika KwaZulu-Natal Durban büyükşehri
South Africa Limpopo-->Güney Afrika Limpopo
South Africa Mpumalanga-->Güney Afrika Mpumalanga
South Africa North West-->Güney Afrika Kuzeybatı
South Africa Northern Cape-->Güney Afrika Kuza Kap
South Africa Western Cape-->Güney Afrika Batı Kap
South Africa Western Cape Cape Town-->Güney Afrika Batı Kap Cape Town
South Africa Western Cape Cape Town Central-->Güney Afrika Batı Kap Cape Town'un merkezi
South America-->Güney Amerika
South Atlantic-->Güney Atlantik
South Caria-->Güney Karya
South China Sea-->Güney Çin Denizi
South Georgia-->Birleşik Krallık Güney Georgia
South Korea Seoul-->Güney Kore Seul
South Shetland Islands-->Güney Shetland Adaları
South Sudan-->Güney Sudan
South West Asia-->Güneybatı Asya
Southampton-->Southampton
Southern Quebec-->Güney Quebec
Southern Sudan-->Güney Sudan
Spain Andalusia-->İspanya Endülüs
Spain Asturias-->İspanya Asturias
Spain Barcelona-->İspanya Barselona
Spain Barcelona municipality-->İspanya Barselona Belediyesi
Spain Barcelona province-->İspanya Barselona ili
Spain Basque Country-->İspanya Bask Bölgesi
Spain Cadiz-->İspanya Cádiz ili
Spain Canary Islands-->İspanya Kanarya Adaları
Spain Cantabria-->İspanya Kantabria
Spain Castile-La Mancha-->İspanya Kastilya-La Mancha
Spain Castile and León-->İspanya Kastilya ve Leon
Spain Community of Madrid-->İspanya Madrid topluluğu
Spain Extremadura-->İspanya Ekstremadura
Spain Galicia-->İspanya Galiçya
Spain Guadalajara-->İspanya Guadalajara ili
Spain Ibiza-->İspanya İbiza
Spain La Rioja-->İspanya La Rioja
Spain Madrid-->İspanya Madrid
Spain Majorca-->İspanya Mayorka
Spain Minorca-->İspanya Minorka
Spain Murcia-->İspanya Murcia
Spain Navarre-->İspanya Navarra
Spain Palma-->İspanya Palma
Spain Province of Albacete-->İspanya Albacete ili
Spain Province of Alicante-->İspanya Alicante ili
Spain Province of Castellón-->İspanya Castellón ili
Spain Province of Granada-->İspanya Granada ili
Spain Province of Málaga-->İspanya Málaga ili
Spain Province of Seville-->İspanya Sevilla ili
Spain Province of Valencia-->İspanya Valensiya ili
Spain Seville-->İspanya Sevilla
Spain Tenerife-->İspanya Tenerife
Spain Álava-->İspanya Álava ili
Sri Lanka-->Sri Lanka
Stockton-->İngiltere Stockton
Sudan (2005-2011)-->Sudan (2005-2011)
Sudan Khartoum-->Sudan Hartum
Suffolk-->İngiltere Suffolk
Suriname-->Surinam
Swaziland-->Svaziland
Sweden, 40south-->İsveç 40 güney
Sweden Blekinge-->İsveç Blekinge
Sweden Dalarna-->İsveç Dalarna
Sweden Gotland-->İsveç Gotland
Sweden Gotland modified-->İsveç Gotland modifiyeli
Sweden Gävleborg-->İsveç Gävleborg
Sweden Halland-->İsveç Halland
Sweden Jämtland-->İsveç Jämtland
Sweden Jönköping-->İsveç Jönköping
Sweden Kalmar-->İsveç Kalmar
Sweden Kronoberg-->İsveç Kronoberg
Sweden Norrbotten-->İsveç Norrbotten
Sweden Skåne-->İsveç Skåne
Sweden Stockholm-->İsveç Stockholm
Sweden Södermanland-->İsveç Södermanland
Sweden Uppsala-->İsveç Uppsala
Sweden Värmland-->İsveç Värmland
Sweden Västerbotten-->İsveç Västerbotten
Sweden Västernorrland-->İsveç Västernorrland
Sweden Västmanland-->İsveç Västmanland
Sweden Västra Götaland-->İsveç Västra Götaland
Sweden Örebro-->İsveç Örebro
Sweden Östergötland-->İsveç Östergötland
Syria Aleppo-->Suriye Halep
Syria Damascus-->Suriye Şam
Syria Golan-->Suriye Golan
Syria Golan Heights-->Suriye Golan Tepeleri
Syria Old Damascus-->Suriye Eski Şam
Syria and Lebanon-->Suriye ve Lübnan
Tahiti-->Fransa Tahiti
Tansania-->Tanzanya
Tanzania-->Tanzanya
Thailand Bangkok-->Tayland Bangkok
Thrumshingla National Park-->Bhutan Thrumshingla Milli Parkı
Thimphu Bhutan-->Bhutan Thimphu
Tierra del Fuego-->Arjantin Tierra del Fuego
Tonga-->Tonga
Trashigang Bhutan-->Bhutan Trashigang
Trashiyangtse Bhutan-->Bhutan Trashiyangtse
Trinidad and Tobago-->Trinidad ve Tobago
Trongsa Bhutan-->Bhutan Trongsa
Tsirang Bhutan-->Bhutan Tsirang
Tunisia Greater Tunis-->Tunus Tunus büyükşehri
Tunisia Tunis-->Tunus Tunus
Tuvalu-->Tuvalu
USA Arizona-->ABD Arizona
USA Arkansas-->ABD Arkansas
USA Bronx-->ABD Bronx
USA California-->ABD Kaliforniya
USA California Southern-->ABD Kaliforniya Güney
USA Colorado-->ABD Colorado
USA Connecticut-->ABD Connecticut
USA Delaware-->ABD Delaware
USA District of Columbia-->ABD Kolumbiya Bölgesi
USA Florida-->ABD Florida
USA Florida Volusia County-->ABD Florida Volusia County
USA Georgia-->ABD Georgia
USA Grand Forks-->ABD Grand Forks
USA Guam-->ABD Guam
USA Hawaii-->ABD Hawaii
USA Hawaiian Islands-->ABD Hawaii Adaları
USA Idaho-->ABD Idaho
USA Illinois-->ABD Illinois
USA Illinois Champaign County-->ABD Illinois Champaign County
USA Illinois Edgar County-->ABD Illinois Edgar County
USA Illinois Fulton County-->ABD Illinois Fulton County
USA Illinois Iroquois County-->ABD Illinois Iroquois County
USA Illinois Ogle County-->ABD Illinois Ogle County
USA Illinois Peoria County-->ABD Illinois Peoria County
USA Illinois Tazewell County-->ABD Illinois Tazewell County
USA Illinois Vermilion County-->ABD Illinois Vermilion County
USA Indiana-->ABD Indiana
USA Indiana Adams County-->ABD Indiana Adams County
USA Indiana Bartholomew County-->ABD Indiana Bartholomew County
USA Indiana Benton County-->ABD Indiana Benton County
USA Indiana Blackford County-->ABD Indiana Blackford County
USA Indiana Boone County-->ABD Indiana Boone County
USA Indiana Brown County-->ABD Indiana Brown County
USA Indiana Carroll County-->ABD Indiana Carroll County
USA Indiana Cass County-->ABD Indiana Cass County
USA Indiana Clark County-->ABD Indiana Clark County
USA Indiana Clay County-->ABD Indiana Clay County
USA Indiana Fountain County-->ABD Indiana Fountain County
USA Indiana Harrison County-->ABD Indiana Harrison County
USA Indiana Martin County-->ABD Indiana Martin County
USA Indiana Parke County-->ABD Indiana Parke County
USA Indiana Sullivan County-->ABD Indiana Sullivan County
USA Indiana Tippecanoe County-->ABD Indiana Tippecanoe County
USA Indiana Vermillion County-->ABD Indiana Vermillion County
USA Indiana Vigo County-->ABD Indiana Vigo County
USA Indiana Warren County-->ABD Indiana Warren County
USA Indiana Washington County-->ABD Indiana Washington County
USA Indianapolis-->ABD Indianapolis
USA Indianapolis central-->ABD Indianapolis'in merkezi
USA Iowa-->ABD Iowa
USA Kansas-->ABD Kansas
USA Kentucky-->ABD Kentucky
USA Los Angeles Metropolitan Area-->ABD Los Angeles Metropol Alanı
USA Louisiana-->ABD Louisiana
USA Maine-->ABD Maine
USA Maryland-->ABD Maryland
USA Mass Cape Cod-->ABD Mass Cape Cod
USA Michigan-->ABD Michigan
USA Minnesota-->ABD Minnesota
USA Minnesota Duluth-->ABD Minnesota Duluth
USA Minnesota Duluth (West Duluth)-->ABD Minnesota Duluth (Batı Duluth)
USA Minnesota Duluth Lg-->ABD Minnesota Duluth Lg
USA Mississippi-->ABD Mississippi
USA Missouri-->ABD Missouri
USA Montana-->ABD Montana
USA Nebraska-->ABD Nebraska
USA Nevada-->ABD Nevada
USA New Hampshire-->ABD New Hampshire
USA New Jersey-->ABD New Jersey
USA New Jersey Atlantic County-->ABD New Jersey Atlantic County
USA New Jersey Bergen County-->ABD New Jersey Bergen County
USA New Jersey Burlington County-->ABD New Jersey Burlington County
USA New Jersey Camden County-->ABD New Jersey Camden County
USA New Jersey Cape May County-->ABD New Jersey Cape May County
USA New Jersey Cumberland County-->ABD New Jersey Cumberland County
USA New Jersey Essex County-->ABD New Jersey Essex County
USA New Jersey Gloucester County-->ABD New Jersey Gloucester County
USA New Jersey Hudson County-->ABD New Jersey Hudson County
USA New Jersey Hunterdon County-->ABD New Jersey Hunterdon County
USA New Jersey Middlesex County-->ABD New Jersey Middlesex County
USA New Jersey Monmouth County-->ABD New Jersey Monmouth County
USA New Jersey Morris County-->ABD New Jersey Morris County
USA New Jersey Ocean County-->ABD New Jersey Ocean County
USA New Jersey Passaic County-->ABD New Jersey Passaic County
USA New Jersey Salem County-->ABD New Jersey Salem County
USA New Jersey Somerset County-->ABD New Jersey Somerset County
USA New Jersey Sussex County-->ABD New Jersey Sussex County
USA New Jersey Union County-->ABD New Jersey Union County
USA New Jersey Warren County-->ABD New Jersey Warren County
USA New Mexico-->ABD New Mexico
USA New York 2-->ABD New York 2
USA New York Adirondack Park-->ABD New York Adirondack Park
USA New York City-->ABD New York (şehir)
USA New York City Subway-->ABD New York Metro
USA North Carolina-->ABD Kuzey Karolina
USA North Dakota-->ABD Kuzey Dakota
USA Northern Mariana Islands-->ABD Kuzey Mariana Adaları
USA Ohio-->ABD Ohio
USA Oklahoma-->ABD Oklahoma
USA Oregon-->ABD Oregon
USA Portland-->ABD Portland
USA Portland downtown-->ABD Portland şehir merkezi
USA Puerto Rico-->ABD Porto Riko
USA Rhode Island-->ABD Rhode Island
USA South Carolina-->ABD Güney Karolina
USA South Dakota-->ABD Güney Dakota
USA Tennessee-->ABD Tennessee
USA Texas-->ABD Teksas
USA Utah-->ABD Utah
USA Vermont-->ABD Vermont
USA Virgin Islands-->ABD Virgin Adaları
USA Virginia-->ABD Virginia
USA Washington-->ABD Washington
USA Washington Benton County-->ABD Washington Benton County
USA Washington Yakima County-->ABD Washington Yakima County
USA West-->ABD Batı
USA West Virginia-->ABD Batı Virginia
USA Wisconsin-->ABD Wisconsin
USA Wyoming-->ABD Wyoming
USSR-->SSCB
US Virgin Islands Saint Croix-->ABD Virgin Adaları Saint Croix
Uganda-->Uganda
Uganda Kampala-->Uganda Kampala
Uganda Kampala central-->Uganda Kampala'nın merkezi
Ukraine Alushta-->Ukrayna Aluşta
Ukraine Dnipropetrovsk Oblast-->Ukrayna Dnipropetrovsk Oblastı
Ukraine Ivano-Frankivsk Oblast-->Ukrayna İvano-Frankivsk Oblastı
Ukraine Kharkiv Oblast-->Ukrayna Harkiv Oblastı
Ukraine Khmelnytskyi Oblast-->Ukrayna Hmelnitski Oblastı
Ukraine Kiev Oblast-->Ukrayna Kiev Oblastı
Ukraine Lviv Oblast-->Ukrayna Lviv Oblastı
Ukraine Sumy Oblast-->Ukrayna Sumy Oblastı
Ukraine Ternopil Oblast-->Ukrayna Ternopil Oblastı
Ukraine Vinnytsia Oblast-->Ukrayna Vinnitsa Oblastı
Ukraine Yalta-->Ukrayna Yalta
Ukraine Zakarpattia Oblast-->Ukrayna Zakarpatya Oblastı
United Kingdom Alderney-->Birleşik Krallık Alderney
United Kingdom Anguilla-->Birleşik Krallık Anguilla
United Kingdom Bedfordshire-->United Kingdom Bedfordshire
United Kingdom Berkshire-->Birleşik Krallık Berkshire
United Kingdom Bermuda-->Birleşik Krallık Bermuda
United Kingdom Brecon Beacons-->Birleşik Krallık Brecon Beacons
United Kingdom Brighton-->Birleşik Krallık Brighton
United Kingdom Brighton and Hove-->Birleşik Krallık Brighton ve Hove
United Kingdom Bristol-->Birleşik Krallık Bristol
United Kingdom British Virgin Islands-->Birleşik Krallık Britanya Virjin Adaları
United Kingdom Buckinghamshire-->Birleşik Krallık Buckinghamshire
United Kingdom Cambridge-->Birleşik Krallık Cambridge
United Kingdom Cambridge Central-->Birleşik Krallık Cambridge'in merkezi
United Kingdom Cambridgeshire-->Birleşik Krallık Cambridgeshire
United Kingdom Cayman Islands-->Birleşik Krallık Cayman Adaları
United Kingdom Channel Islands-->Birleşik Krallık Manş Adaları
United Kingdom Cheshire-->Birleşik Krallık Cheshire
United Kingdom Chichester-->Birleşik Krallık Chichester
United Kingdom Chichester District-->Birleşik Krallık Chichester Bölgesi
United Kingdom City of Preston-->Birleşik Krallık Preston Şehri
United Kingdom Cornwall-->Birleşik Krallık Cornwall
United Kingdom Cornwall (mainland)-->Birleşik Krallık Cornwall (anakara)
United Kingdom Cornwall southwest-->Birleşik Krallık Cornwall güneybatı
United Kingdom County Durham-->Birleşik Krallık Durham Kontluğu
United Kingdom Crawley-->Birleşik Krallık Crawley
United Kingdom Cumbria-->Birleşik Krallık Cumbria
United Kingdom Dartmoor-->Birleşik Krallık Dartmoor
United Kingdom Derbyshire-->Birleşik Krallık Derbyshire
United Kingdom Devon-->Birleşik Krallık Devon
United Kingdom Dorset-->Birleşik Krallık Dorset
United Kingdom Durham-->Birleşik Krallık Durham
United Kingdom East Riding of Yorkshire-->Birleşik Krallık East Riding Yorkshire
United Kingdom East Sussex-->Birleşik Krallık East Sussex
United Kingdom Edinburgh-->Birleşik Krallık Edinburgh
United Kingdom England-->Birleşik Krallık İngiltere
United Kingdom England Southeast-->Birleşik Krallık İngiltere Güneydoğu
United Kingdom Essex-->Birleşik Krallık Essex
United Kingdom Exmoor-->Birleşik Krallık Exmoor
United Kingdom Falkland Islands-->Birleşik Krallık Falkland Adaları
United Kingdom Forest of Bowland-->Birleşik Krallık Bowland Ormanı
United Kingdom Gloucestershire-->Birleşik Krallık Gloucestershire
United Kingdom Greater Belfast-->Birleşik Krallık Greater Belfast
United Kingdom Greater Liverpool-->Birleşik Krallık Greater Liverpool
United Kingdom Greater London-->Birleşik Krallık Greater London
United Kingdom Greater Manchester-->Birleşik Krallık Greater Manchester
United Kingdom Guernsey-->Birleşik Krallık Guernsey
United Kingdom Hampshire-->Birleşik Krallık Hampshire
United Kingdom Herefordshire-->Birleşik Krallık Herefordshire
United Kingdom Hertfordshire-->Birleşik Krallık Hertfordshire
United Kingdom Isle of Wight-->Birleşik Krallık Wight Adası
United Kingdom Isles of Scilly-->Birleşik Krallık Scilly Adaları
United Kingdom Kent-->Birleşik Krallık Kent
United Kingdom Lake District-->Birleşik Krallık Lake District
United Kingdom Lancashire-->Birleşik Krallık Lancashire
United Kingdom Leicestershire-->Birleşik Krallık Leicestershire
United Kingdom Lincolnshire-->Birleşik Krallık Lincolnshire
United Kingdom Liverpool-->Birleşik Krallık Liverpool
United Kingdom Liverpool Central-->Birleşik Krallık Liverpool'un merkezi
United Kingdom London Barking and Dagenham-->Birleşik Krallık Londra Barking ve Dagenham
United Kingdom London Barnet-->Birleşik Krallık Londra Barnet
United Kingdom London Bexley-->Birleşik Krallık Londra Bexley
United Kingdom London Brent-->Birleşik Krallık Londra Brent
United Kingdom London Bromley-->Birleşik Krallık Londra Bromley
United Kingdom London Camden-->Birleşik Krallık Londra Camden
United Kingdom London City of London-->Birleşik Krallık Londra Londra Şehri
United Kingdom London Croydon-->Birleşik Krallık Londra Croydon
United Kingdom London Ealing-->Birleşik Krallık Londra Ealing
United Kingdom London Enfield-->Birleşik Krallık Londra Enfield
United Kingdom London Greenwich-->Birleşik Krallık Londra Greenwich
United Kingdom London Hackney-->Birleşik Krallık Londra Hackney
United Kingdom London Hammersmith and Fulham-->Birleşik Krallık Londra Hammersmith ve Fulham
United Kingdom London Haringey-->Birleşik Krallık Londra Haringey
United Kingdom London Harrow-->Birleşik Krallık Londra Harrow
United Kingdom London Havering-->Birleşik Krallık Londra Havering
United Kingdom London Hillingdon-->Birleşik Krallık Londra Hillingdon
United Kingdom London Hounslow-->Birleşik Krallık Londra Hounslow
United Kingdom London Islington-->Birleşik Krallık Londra Islington
United Kingdom London Kensington-->Birleşik Krallık Londra Kensington
United Kingdom London Kensington and Chelsea-->Birleşik Krallık Londra Kensington ve Chelsea
United Kingdom London Kingston upon Thames-->Birleşik Krallık Londra Kingston
United Kingdom London Lambeth-->Birleşik Krallık Londra Lambeth
United Kingdom London Lewisham-->Birleşik Krallık Londra Lewisham
United Kingdom London Merton-->Birleşik Krallık Londra Merton
United Kingdom London Newham-->Birleşik Krallık Londra Newham
United Kingdom London Redbridge-->Birleşik Krallık Londra Redbridge
United Kingdom London Richmond upon Thames-->Birleşik Krallık Londra Richmond upon Thames
United Kingdom London Southwark-->Birleşik Krallık Londra Southwark
United Kingdom London Sutton-->Birleşik Krallık Londra Sutton
United Kingdom London Tower Hamlets-->Birleşik Krallık Londra Tower Hamlets
United Kingdom London Waltham Forest-->Birleşik Krallık Londra Waltham Forest
United Kingdom London Wandsworth-->Birleşik Krallık Londra Wandsworth
United Kingdom London Westminster-->Birleşik Krallık Londra Westminster
United Kingdom Manchester-->Birleşik Krallık Manchester
United Kingdom Merseyside-->Birleşik Krallık Merseyside
United Kingdom Montserrat-->Birleşik Krallık Montserrat
United Kingdom Norfolk-->Birleşik Krallık Norfolk
United Kingdom Northern Ireland-->Kuzey İrlanda
United Kingdom North Yorkshire-->Birleşik Krallık North Yorkshire
United Kingdom Northamptonshire-->Birleşik Krallık Northamptonshire
United Kingdom Northumberland-->Birleşik Krallık Northumberland
United Kingdom Nottinghamshire-->Birleşik Krallık Nottinghamshire
United Kingdom Oldham-->Birleşik Krallık Oldham
United Kingdom Oxford (central)-->Birleşik Krallık Oxford (merkez)
United Kingdom Oxfordshire-->Birleşik Krallık Oxfordshire
United Kingdom Plymouth-->Birleşik Krallık Plymouth
United Kingdom Preston central-->Birleşik Krallık Preston'ın merkezi
United Kingdom Reading-->Birleşik Krallık Reading
United Kingdom Reading Central-->Birleşik Krallık Reading Merkez
United Kingdom Rutland-->Birleşik Krallık Rutland
United Kingdom Scotland-->Birleşik Krallık İskoçya
United Kingdom Sheffield-->Birleşik Krallık Sheffield
United Kingdom Shropshire-->Birleşik Krallık Shropshire
United Kingdom Soho-->Birleşik Krallık Soho
United Kingdom Somerset-->Birleşik Krallık Somerset
United Kingdom South Yorkshire-->Birleşik Krallık Güney Yorkshire
United Kingdom Southampton-->Birleşik Krallık Southampton
United Kingdom Staffordshire-->Birleşik Krallık Staffordshire
United Kingdom Suffolk-->Birleşik Krallık Suffolk
United Kingdom Surrey-->Birleşik Krallık Surrey
United Kingdom Tristan da Cunha-->Birleşik Krallık Tristan da Cunha
United Kingdom Turks and Caicos Islands-->Birleşik Krallık Turks ve Caicos Adaları
United Kingdom Tyne and Wear-->Birleşik Krallık Tyne ve Wear
United Kingdom Wales-->Birleşik Krallık Galler
United Kingdom Warwickshire-->Birleşik Krallık Warwickshire
United Kingdom West Midlands-->Birleşik Krallık West Midlands
United Kingdom West Sussex-->Birleşik Krallık Batı Sussex
United Kingdom West Yorkshire-->Birleşik Krallık Batı Yorkshire
United Kingdom Wiltshire-->Birleşik Krallık Wiltshire
United Kingdom Worcestershire-->Birleşik Krallık Worcestershire
United Kingdom Yorkshire Dales-->Birleşik Krallık Yorkshire Dales
United States Anaheim-->ABD Anaheim
United States Atlanta Central-->ABD Atlanta
United States Bakersfield-->ABD Bakersfield
United States Bakersfield Downtown-->ABD Bakersfield şehir merkezi
United States Baltimore-->ABD Baltimore
United States California Carmel-->ABD Kaliforniya Carmel
United States Chicago-->ABD Şikago
United States Chicago Central-->ABD Şikago Merkez
United States Chicago Downtown-->ABD Şikago şehir merkezi
United States Chicago Exelon Pavilions-->ABD Şikago Exelon Pavilions
United States Chicago Greater-->ABD Şikago büyükşehri
United States Chicago Loop-->ABD Şikago Loop
United States Chicago Near North Side-->ABD Şikago Near North Side
United States Cleveland-->ABD Cleveland
United States District of Columbia street-->ABD Kolumbiya Bölgesi cadde
United States Downtown Las Vegas-->ABD Las Vegas şehir merkezi
United States Fresno-->ABD Fresno
United States Long Beach-->ABD Long Beach
United States Los Angeles Central-->ABD Los Angeles Merkez
United States Los Angeles Downtown-->ABD Los Angeles şehir merkezi
United States Los Angeles Southern-->ABD Los Angeles Güney
United States Los Angeles Western-->ABD Los Angeles Batı
United States Manhattan-->ABD Manhattan
United States Miami-->ABD Miami
United States Miami Central-->ABD Miami Merkez
United States Missouri St. Louis-->ABD Missouri St. Louis
United States Monterey Peninsula-->ABD Monterey
United States Mountain View-->ABD Mountain View
United States Oakland-->ABD Oakland
United States Sacramento-->ABD Sacramento
United States San Diego-->ABD San Diego
United States San Diego Northeastern-->ABD San Diego kuzeydoğu
United States San Diego Northwestern-->ABD San Diego kuzeybatı
United States San Diego Southern-->ABD San Diego güney
United States San Fernando Valley-->ABD San Fernando Valley
United States San Francisco-->ABD San Francisco
United States San Francisco Central-->ABD San Francisco Merkez
United States San Francisco County-->ABD San Francisco County
United States San Jose-->ABD San Jose
United States Umnak Island-->ABD Umnak
United States Unalaska Island-->ABD Unalaska Adası
United States Virginia Alexandria-->ABD Virginia Alexandria
United States Virginia Alexandria Historical District-->ABD Virginia Alexandria Tarihi Bölge
United States Washington, D.C.-->ABD Washington, D.C.
United States Washington, D.C. central-->ABD Washington, D.C.'nin merkezi
United States Washington, D.C. east-->ABD Washington, D.C. doğu
Upper Galilee-->Yukarı Celile
Uruguay Montevideo-->Uruguay Montevideo
Uruguay Montevideo Ciudad Vieja-->Uruguay Montevideo Ciudad Vieja
Valley of Spercheios-->Spercheios Vadisi
Vanuatu-->Vanuatu
Venezuela Caracas-->Venezuela Caracas
Venus-->Venüs
Vilnius-->Litcanya Vilnius
Vojvodina-->Sırbistan Voyvodina
Wales Anglesey-->Galler Anglesey
Wales Blaenau Gwent-->Galler Blaenau Gwent
Wales Bridgend-->Galler Bridgend
Wales Caerphilly-->Galler Caerphilly
Wales Cardiff-->Galler Cardiff
Wales Cardiff Central-->Galler Cardiff Merkez
Wales Carmarthenshire-->Galler Carmarthenshire
Wales Ceredigion-->Galler Ceredigion
Wales Conwy-->Galler Conwy
Wales Denbighshire-->Galler Denbighshire
Wales Flintshire-->Galler Flintshire
Wales Gwynedd-->Galler Gwynedd
Wales Merthyr Tydfil-->Galler Merthyr Tydfil
Wales Monmouth-->Galler Monmouth
Wales Monmouthshire-->Wales Monmouthshire
Wales Neath Port Talbot-->Galler Kuzey Port Talbot
Wales Newport-->Galler Newport
Wales Newport 2-->Galler Newport 2
Wales Pembrokeshire-->Galler Pembrokeshire
Wales Powys-->Galler Powys
Wales Rhondda Cynon Taf-->Galler Rhondda Cynon Taf
Wales Snowdonia-->Galler Snowdonia
Wales Swansea-->Wales Swansea
Wales Torfaen-->Galler Torfaen
Wales Vale of Glamorgan-->Galler Vale of Glamorgan
Wales Vale of Glamorgan Barry-->Galler Vale of Glamorgan Barry
Wales Wrexham-->Galler Wrexham
Wallis-->Fransa Wallis
Wallis and Futuna-->Fransa Wallis ve Futuna Adaları
Wangchuck Centennial Park-->Bhutan Wangchuck Yüzyıl Parkı
Wangdue Phodrang Bhutan-->Bhutan Wangdue Phodrang
West Bank-->Batı Şeria
Western Europe-->Batı Avrupa
Western Europe World Heritage Sites-->Batı Avrupa Dünya Mirası Alanları
Western Europe World Heritage Sites2-->Batı Avrupa Dünya Mirası Alanları2
Western Galilee-->Batı Celile
Wiesbaden-->Almanya Wiesbaden
Yugoslavia-->Yugoslavya
Zhemgang Bhutan-->Bhutan Zhemgang
